[
	{
		"departamento":"Amazonas",
		"municipios" : [
			{"id":  "1", "municipio": "Leticia"},
			{"id":  "2", "municipio": "Puerto Nariño"}
		]
	},

	{
		"departamento":"Antioquia" ,
		"municipios" : [
			{"id": "3", "municipio": "Abejorral"},
			{"id": "4", "municipio": "Abriaquí"},
			{"id": "5", "municipio": "Alejandria"},
			{"id": "6", "municipio": "Amagá"},
			{"id": "7", "municipio": "Amalfi"},
			{"id": "8", "municipio": "Andes"},
			{"id": "9", "municipio": "Angelópolis"},
			{"id": "10", "municipio": "Angostura"},
			{"id": "11", "municipio": "Anorí"},
			{"id": "12", "municipio": "Anzá"},
			{"id": "13", "municipio": "Apartadó"},
			{"id": "14", "municipio": "Arboletes"},
			{"id": "15", "municipio": "Argelia"},
			{"id": "16", "municipio": "Armenia"},
			{"id": "17", "municipio": "Barbosa"},
			{"id": "18", "municipio": "Bello"},
			{"id": "19", "municipio": "Belmira"},
			{"id": "20", "municipio": "Betania"},
			{"id": "21", "municipio": "Betulia"},
			{"id": "22", "municipio": "Bolívar"},
			{"id": "23", "municipio": "Briceño"},
			{"id": "24", "municipio": "Burítica"},
			{"id": "25", "municipio": "Caicedo"},
			{"id": "26", "municipio": "Caldas"},
			{"id": "27", "municipio": "Campamento"},
			{"id": "28", "municipio": "Caracolí"},
			{"id": "29", "municipio": "Caramanta"},
			{"id": "30", "municipio": "Carepa"},
			{"id": "31", "municipio": "Carmen de Viboral"},
			{"id": "32", "municipio": "Carolina"},
			{"id": "33", "municipio": "Caucasia"},
			{"id": "34", "municipio": "Cañasgordas"},
			{"id": "35", "municipio": "Chigorodó"},
			{"id": "36", "municipio": "Cisneros"},
			{"id": "37", "municipio": "Cocorná"},
			{"id": "38", "municipio": "Concepción"},
			{"id": "39", "municipio": "Concordia"},
			{"id": "40", "municipio": "Copacabana"},
			{"id": "41", "municipio": "Cáceres"},
			{"id": "42", "municipio": "Dabeiba"},
			{"id": "43", "municipio": "Don Matías"},
			{"id": "44", "municipio": "Ebéjico"},
			{"id": "45", "municipio": "El Bagre"},
			{"id": "46", "municipio": "Entrerríos"},
			{"id": "47", "municipio": "Envigado"},
			{"id": "48", "municipio": "Fredonia"},
			{"id": "49", "municipio": "Frontino"},
			{"id": "50", "municipio": "Giraldo"},
			{"id": "51", "municipio": "Girardota"},
			{"id": "52", "municipio": "Granada"},
			{"id": "53", "municipio": "Guadalupe"},
			{"id": "54", "municipio": "Guarne"},
			{"id": "55", "municipio": "Guatapé"},
			{"id": "56", "municipio": "Gómez Plata"},
			{"id": "57", "municipio": "Heliconia"},
			{"id": "58", "municipio": "Hispania"},
			{"id": "59", "municipio": "Itagüí"},
			{"id": "60", "municipio": "Ituango"},
			{"id": "61", "municipio": "Jardín"},
			{"id": "62", "municipio": "Jericó"},
			{"id": "63", "municipio": "La Ceja"},
			{"id": "64", "municipio": "La Estrella"},
			{"id": "65", "municipio": "La Pintada"},
			{"id": "66", "municipio": "La Unión"},
			{"id": "67", "municipio": "Liborina"},
			{"id": "68", "municipio": "Maceo"},
			{"id": "69", "municipio": "Marinilla"},
			{"id": "70", "municipio": "Medellín"},
			{"id": "71", "municipio": "Montebello"},
			{"id": "72", "municipio": "Murindó"},
			{"id": "73", "municipio": "Mutatá"},
			{"id": "74", "municipio": "Nariño"},
			{"id": "75", "municipio": "Nechí"},
			{"id": "76", "municipio": "Necoclí"},
			{"id": "77", "municipio": "Olaya"},
			{"id": "78", "municipio": "Peque"},
			{"id": "79", "municipio": "Peñol"},
			{"id": "80", "municipio": "Pueblorrico"},
			{"id": "81", "municipio": "Puerto Berrío"},
			{"id": "82", "municipio": "Puerto Nare"},
			{"id": "83", "municipio": "Puerto Triunfo"},
			{"id": "84", "municipio": "Remedios"},
			{"id": "85", "municipio": "Retiro"},
			{"id": "86", "municipio": "Ríonegro"},
			{"id": "87", "municipio": "Sabanalarga"},
			{"id": "88", "municipio": "Sabaneta"},
			{"id": "89", "municipio": "Salgar"},
			{"id": "90", "municipio": "San Andrés de Cuerquía"},
			{"id": "91", "municipio": "San Carlos"},
			{"id": "92", "municipio": "San Francisco"},
			{"id": "93", "municipio": "San Jerónimo"},
			{"id": "94", "municipio": "San José de Montaña"},
			{"id": "95", "municipio": "San Juan de Urabá"},
			{"id": "96", "municipio": "San Luís"},
			{"id": "97", "municipio": "San Pedro"},
			{"id": "98", "municipio": "San Pedro de Urabá"},
			{"id": "99", "municipio": "San Rafael"},
			{"id": "100", "municipio": "San Roque"},
			{"id": "101", "municipio": "San Vicente"},
			{"id": "102", "municipio": "Santa Bárbara"},
			{"id": "103", "municipio": "Santa Fé de Antioquia"},
			{"id": "104", "municipio": "Santa Rosa de Osos"},
			{"id": "105", "municipio": "Santo Domingo"},
			{"id": "106", "municipio": "Santuario"},
			{"id": "107", "municipio": "Segovia"},
			{"id": "108", "municipio": "Sonsón"},
			{"id": "109", "municipio": "Sopetrán"},
			{"id": "110", "municipio": "Tarazá"},
			{"id": "111", "municipio": "Tarso"},
			{"id": "112", "municipio": "Titiribí"},
			{"id": "113", "municipio": "Toledo"},
			{"id": "114", "municipio": "Turbo"},
			{"id": "115", "municipio": "Támesis"},
			{"id": "116", "municipio": "Uramita"},
			{"id": "117", "municipio": "Urrao"},
			{"id": "118", "municipio": "Valdivia"},
			{"id": "119", "municipio": "Valparaiso"},
			{"id": "120", "municipio": "Vegachí"},
			{"id": "121", "municipio": "Venecia"},
			{"id": "122", "municipio": "Vigía del Fuerte"},
			{"id": "123", "municipio": "Yalí"},
			{"id": "124", "municipio": "Yarumal"},
			{"id": "125", "municipio": "Yolombó"},
			{"id": "126", "municipio": "Yondó (Casabe)"},
			{"id": "127", "municipio": "Zaragoza"}
		]
	},

	{
		"departamento":"Arauca",
		"municipios" : [
			{"id": "128", "municipio": "Arauca"},
			{"id": "129", "municipio": "Arauquita"},
			{"id": "130", "municipio": "Cravo Norte"},
			{"id": "131", "municipio": "Fortúl"},
			{"id": "132", "municipio": "Puerto Rondón"},
			{"id": "133", "municipio": "Saravena"},
			{"id": "134", "municipio": "Tame"}
		]
	},

	{
		"departamento":"Atlántico",
		"municipios" : [
			{"id": "135", "municipio": "Baranoa"},
			{"id": "136", "municipio": "Barranquilla"},
			{"id": "137", "municipio": "Campo de la Cruz"},
			{"id": "138", "municipio": "Candelaria"},
			{"id": "139", "municipio": "Galapa"},
			{"id": "140", "municipio": "Juan de Acosta"},
			{"id": "141", "municipio": "Luruaco"},
			{"id": "142", "municipio": "Malambo"},
			{"id": "143", "municipio": "Manatí"},
			{"id": "144", "municipio": "Palmar de Varela"},
			{"id": "145", "municipio": "Piojo"},
			{"id": "146", "municipio": "Polonuevo"},
			{"id": "147", "municipio": "Ponedera"},
			{"id": "148", "municipio": "Puerto Colombia"},
			{"id": "149", "municipio": "Repelón"},
			{"id": "150", "municipio": "Sabanagrande"},
			{"id": "151", "municipio": "Sabanalarga"},
			{"id": "152", "municipio": "Santa Lucía"},
			{"id": "153", "municipio": "Santo Tomás"},
			{"id": "154", "municipio": "Soledad"},
			{"id": "155", "municipio": "Suan"},
			{"id": "156", "municipio": "Tubará"},
			{"id": "157", "municipio": "Usiacuri"}
		]
	},

	{
		"departamento":"Bolívar",
		"municipios" : [
			{"id": "158", "municipio": "Achí"},
			{"id": "159", "municipio": "Altos del Rosario"},
			{"id": "160", "municipio": "Arenal"},
			{"id": "161", "municipio": "Arjona"},
			{"id": "162", "municipio": "Arroyohondo"},
			{"id": "163", "municipio": "Barranco de Loba"},
			{"id": "164", "municipio": "Calamar"},
			{"id": "165", "municipio": "Cantagallo"},
			{"id": "166", "municipio": "Cartagena"},
			{"id": "167", "municipio": "Cicuco"},
			{"id": "168", "municipio": "Clemencia"},
			{"id": "169", "municipio": "Córdoba"},
			{"id": "170", "municipio": "El Carmen de Bolívar"},
			{"id": "171", "municipio": "El Guamo"},
			{"id": "172", "municipio": "El Peñon"},
			{"id": "173", "municipio": "Hatillo de Loba"},
			{"id": "174", "municipio": "Magangué"},
			{"id": "175", "municipio": "Mahates"},
			{"id": "176", "municipio": "Margarita"},
			{"id": "177", "municipio": "María la Baja"},
			{"id": "178", "municipio": "Mompós"},
			{"id": "179", "municipio": "Montecristo"},
			{"id": "180", "municipio": "Morales"},
			{"id": "181", "municipio": "Norosí"},
			{"id": "182", "municipio": "Pinillos"},
			{"id": "183", "municipio": "Regidor"},
			{"id": "184", "municipio": "Río Viejo"},
			{"id": "185", "municipio": "San Cristobal"},
			{"id": "186", "municipio": "San Estanislao"},
			{"id": "187", "municipio": "San Fernando"},
			{"id": "188", "municipio": "San Jacinto"},
			{"id": "189", "municipio": "San Jacinto del Cauca"},
			{"id": "190", "municipio": "San Juan de Nepomuceno"},
			{"id": "191", "municipio": "San Martín de Loba"},
			{"id": "192", "municipio": "San Pablo"},
			{"id": "193", "municipio": "Santa Catalina"},
			{"id": "194", "municipio": "Santa Rosa "},
			{"id": "195", "municipio": "Santa Rosa del Sur"},
			{"id": "196", "municipio": "Simití"},
			{"id": "197", "municipio": "Soplaviento"},
			{"id": "198", "municipio": "Talaigua Nuevo"},
			{"id": "199", "municipio": "Tiquisio (Puerto Rico)"},
			{"id": "200", "municipio": "Turbaco"},
			{"id": "201", "municipio": "Turbaná"},
			{"id": "202", "municipio": "Villanueva"},
			{"id": "203", "municipio": "Zambrano"}
		]
	},
		
	{
		"departamento":"Boyacá",
		"municipios" : [
			{"id": "204", "municipio": "Almeida"},
			{"id": "205", "municipio": "Aquitania"},
			{"id": "206", "municipio": "Arcabuco"},
			{"id": "207", "municipio": "Belén"},
			{"id": "208", "municipio": "Berbeo"},
			{"id": "209", "municipio": "Beteitiva"},
			{"id": "210", "municipio": "Boavita"},
			{"id": "211", "municipio": "Boyacá"},
			{"id": "212", "municipio": "Briceño"},
			{"id": "213", "municipio": "Buenavista"},
			{"id": "214", "municipio": "Busbanza"},
			{"id": "215", "municipio": "Caldas"},
			{"id": "216", "municipio": "Campohermoso"},
			{"id": "217", "municipio": "Cerinza"},
			{"id": "218", "municipio": "Chinavita"},
			{"id": "219", "municipio": "Chiquinquirá"},
			{"id": "220", "municipio": "Chiscas"},
			{"id": "221", "municipio": "Chita"},
			{"id": "222", "municipio": "Chitaraque"},
			{"id": "223", "municipio": "Chivatá"},
			{"id": "224", "municipio": "Chíquiza"},
			{"id": "225", "municipio": "Chívor"},
			{"id": "226", "municipio": "Ciénaga"},
			{"id": "227", "municipio": "Coper"},
			{"id": "228", "municipio": "Corrales"},
			{"id": "229", "municipio": "Covarachía"},
			{"id": "230", "municipio": "Cubará"},
			{"id": "231", "municipio": "Cucaita"},
			{"id": "232", "municipio": "Cuitiva"},
			{"id": "233", "municipio": "Cómbita"},
			{"id": "234", "municipio": "Duitama"},
			{"id": "235", "municipio": "El Cocuy"},
			{"id": "236", "municipio": "El Espino"},
			{"id": "237", "municipio": "Firavitoba"},
			{"id": "238", "municipio": "Floresta"},
			{"id": "239", "municipio": "Gachantivá"},
			{"id": "240", "municipio": "Garagoa"},
			{"id": "241", "municipio": "Guacamayas"},
			{"id": "242", "municipio": "Guateque"},
			{"id": "243", "municipio": "Guayatá"},
			{"id": "244", "municipio": "Guicán"},
			{"id": "245", "municipio": "Gámeza"},
			{"id": "246", "municipio": "Izá"},
			{"id": "247", "municipio": "Jenesano"},
			{"id": "248", "municipio": "Jericó"},
			{"id": "249", "municipio": "La Capilla"},
			{"id": "250", "municipio": "La Uvita"},
			{"id": "251", "municipio": "La Victoria"},
			{"id": "252", "municipio": "Labranzagrande"},
			{"id": "253", "municipio": "Macanal"},
			{"id": "254", "municipio": "Maripí"},
			{"id": "255", "municipio": "Miraflores"},
			{"id": "256", "municipio": "Mongua"},
			{"id": "257", "municipio": "Monguí"},
			{"id": "258", "municipio": "Moniquirá"},
			{"id": "259", "municipio": "Motavita"},
			{"id": "260", "municipio": "Muzo"},
			{"id": "261", "municipio": "Nobsa"},
			{"id": "262", "municipio": "Nuevo Colón"},
			{"id": "263", "municipio": "Oicatá"},
			{"id": "264", "municipio": "Otanche"},
			{"id": "265", "municipio": "Pachavita"},
			{"id": "266", "municipio": "Paipa"},
			{"id": "267", "municipio": "Pajarito"},
			{"id": "268", "municipio": "Panqueba"},
			{"id": "269", "municipio": "Pauna"},
			{"id": "270", "municipio": "Paya"},
			{"id": "271", "municipio": "Paz de Río"},
			{"id": "272", "municipio": "Pesca"},
			{"id": "273", "municipio": "Pisva"},
			{"id": "274", "municipio": "Puerto Boyacá"},
			{"id": "275", "municipio": "Páez"},
			{"id": "276", "municipio": "Quipama"},
			{"id": "277", "municipio": "Ramiriquí"},
			{"id": "278", "municipio": "Rondón"},
			{"id": "279", "municipio": "Ráquira"},
			{"id": "280", "municipio": "Saboyá"},
			{"id": "281", "municipio": "Samacá"},
			{"id": "282", "municipio": "San Eduardo"},
			{"id": "283", "municipio": "San José de Pare"},
			{"id": "284", "municipio": "San Luís de Gaceno"},
			{"id": "285", "municipio": "San Mateo"},
			{"id": "286", "municipio": "San Miguel de Sema"},
			{"id": "287", "municipio": "San Pablo de Borbur"},
			{"id": "288", "municipio": "Santa María"},
			{"id": "289", "municipio": "Santa Rosa de Viterbo"},
			{"id": "290", "municipio": "Santa Sofía"},
			{"id": "291", "municipio": "Santana"},
			{"id": "292", "municipio": "Sativanorte"},
			{"id": "293", "municipio": "Sativasur"},
			{"id": "294", "municipio": "Siachoque"},
			{"id": "295", "municipio": "Soatá"},
			{"id": "296", "municipio": "Socha"},
			{"id": "297", "municipio": "Socotá"},
			{"id": "298", "municipio": "Sogamoso"},
			{"id": "299", "municipio": "Somondoco"},
			{"id": "300", "municipio": "Sora"},
			{"id": "301", "municipio": "Soracá"},
			{"id": "302", "municipio": "Sotaquirá"},
			{"id": "303", "municipio": "Susacón"},
			{"id": "304", "municipio": "Sutamarchán"},
			{"id": "305", "municipio": "Sutatenza"},
			{"id": "306", "municipio": "Sáchica"},
			{"id": "307", "municipio": "Tasco"},
			{"id": "308", "municipio": "Tenza"},
			{"id": "309", "municipio": "Tibaná"},
			{"id": "310", "municipio": "Tibasosa"},
			{"id": "311", "municipio": "Tinjacá"},
			{"id": "312", "municipio": "Tipacoque"},
			{"id": "313", "municipio": "Toca"},
			{"id": "314", "municipio": "Toguí"},
			{"id": "315", "municipio": "Topagá"},
			{"id": "316", "municipio": "Tota"},
			{"id": "317", "municipio": "Tunja"},
			{"id": "318", "municipio": "Tunungua"},
			{"id": "319", "municipio": "Turmequé"},
			{"id": "320", "municipio": "Tuta"},
			{"id": "321", "municipio": "Tutasá"},
			{"id": "322", "municipio": "Ventaquemada"},
			{"id": "323", "municipio": "Villa de Leiva"},
			{"id": "324", "municipio": "Viracachá"},
			{"id": "325", "municipio": "Zetaquirá"},
			{"id": "326", "municipio": "Úmbita"}
		]
	},
		
	{
		"departamento":"Caldas",
		"municipios" : [
			{"id": "327", "municipio": "Aguadas"},
			{"id": "328", "municipio": "Anserma"},
			{"id": "329", "municipio": "Aranzazu"},
			{"id": "330", "municipio": "Belalcázar"},
			{"id": "331", "municipio": "Chinchiná"},
			{"id": "332", "municipio": "Filadelfia"},
			{"id": "333", "municipio": "La Dorada"},
			{"id": "334", "municipio": "La Merced"},
			{"id": "335", "municipio": "La Victoria"},
			{"id": "336", "municipio": "Manizales"},
			{"id": "337", "municipio": "Manzanares"},
			{"id": "338", "municipio": "Marmato"},
			{"id": "339", "municipio": "Marquetalia"},
			{"id": "340", "municipio": "Marulanda"},
			{"id": "341", "municipio": "Neira"},
			{"id": "342", "municipio": "Norcasia"},
			{"id": "343", "municipio": "Palestina"},
			{"id": "344", "municipio": "Pensilvania"},
			{"id": "345", "municipio": "Pácora"},
			{"id": "346", "municipio": "Risaralda"},
			{"id": "347", "municipio": "Río Sucio"},
			{"id": "348", "municipio": "Salamina"},
			{"id": "349", "municipio": "Samaná"},
			{"id": "350", "municipio": "San José"},
			{"id": "351", "municipio": "Supía"},
			{"id": "352", "municipio": "Villamaría"},
			{"id": "353", "municipio": "Viterbo"}
		]
	},

	{
		"departamento":"Caquetá",
		"municipios" : [
			{"id": "354", "municipio": "Albania"},
			{"id": "355", "municipio": "Belén de los Andaquíes"},
			{"id": "356", "municipio": "Cartagena del Chairá"},
			{"id": "357", "municipio": "Curillo"},
			{"id": "358", "municipio": "El Doncello"},
			{"id": "359", "municipio": "El Paujil"},
			{"id": "360", "municipio": "Florencia"},
			{"id": "361", "municipio": "La Montañita"},
			{"id": "362", "municipio": "Milán"},
			{"id": "363", "municipio": "Morelia"},
			{"id": "364", "municipio": "Puerto Rico"},
			{"id": "365", "municipio": "San José del Fragua"},
			{"id": "366", "municipio": "San Vicente del Caguán"},
			{"id": "367", "municipio": "Solano"},
			{"id": "368", "municipio": "Solita"},
			{"id": "369", "municipio": "Valparaiso"}
		]
	},

	{
		"departamento":"Casanare",
		"municipios" : [
			{"id": "370", "municipio": "Aguazul"},
			{"id": "371", "municipio": "Chámeza"},
			{"id": "372", "municipio": "Hato Corozal"},
			{"id": "373", "municipio": "La Salina"},
			{"id": "374", "municipio": "Maní"},
			{"id": "375", "municipio": "Monterrey"},
			{"id": "376", "municipio": "Nunchía"},
			{"id": "377", "municipio": "Orocué"},
			{"id": "378", "municipio": "Paz de Ariporo"},
			{"id": "379", "municipio": "Pore"},
			{"id": "380", "municipio": "Recetor"},
			{"id": "381", "municipio": "Sabanalarga"},
			{"id": "382", "municipio": "San Luís de Palenque"},
			{"id": "383", "municipio": "Sácama"},
			{"id": "384", "municipio": "Tauramena"},
			{"id": "385", "municipio": "Trinidad"},
			{"id": "386", "municipio": "Támara"},
			{"id": "387", "municipio": "Villanueva"},
			{"id": "388", "municipio": "Yopal"}
		]
	},

	{
		"departamento":"Cauca",
		"municipios" : [
			{"id": "389", "municipio": "Almaguer"},
			{"id": "390", "municipio": "Argelia"},
			{"id": "391", "municipio": "Balboa"},
			{"id": "392", "municipio": "Bolívar"},
			{"id": "393", "municipio": "Buenos Aires"},
			{"id": "394", "municipio": "Cajibío"},
			{"id": "395", "municipio": "Caldono"},
			{"id": "396", "municipio": "Caloto"},
			{"id": "397", "municipio": "Corinto"},
			{"id": "398", "municipio": "El Tambo"},
			{"id": "399", "municipio": "Florencia"},
			{"id": "400", "municipio": "Guachené"},
			{"id": "401", "municipio": "Guapí"},
			{"id": "402", "municipio": "Inzá"},
			{"id": "403", "municipio": "Jambaló"},
			{"id": "404", "municipio": "La Sierra"},
			{"id": "405", "municipio": "La Vega"},
			{"id": "406", "municipio": "López (Micay)"},
			{"id": "407", "municipio": "Mercaderes"},
			{"id": "408", "municipio": "Miranda"},
			{"id": "409", "municipio": "Morales"},
			{"id": "410", "municipio": "Padilla"},
			{"id": "411", "municipio": "Patía (El Bordo)"},
			{"id": "412", "municipio": "Piamonte"},
			{"id": "413", "municipio": "Piendamó"},
			{"id": "414", "municipio": "Popayán"},
			{"id": "415", "municipio": "Puerto Tejada"},
			{"id": "416", "municipio": "Puracé (Coconuco)"},
			{"id": "417", "municipio": "Páez (Belalcazar)"},
			{"id": "418", "municipio": "Rosas"},
			{"id": "419", "municipio": "San Sebastián"},
			{"id": "420", "municipio": "Santa Rosa"},
			{"id": "421", "municipio": "Santander de Quilichao"},
			{"id": "422", "municipio": "Silvia"},
			{"id": "423", "municipio": "Sotara (Paispamba)"},
			{"id": "424", "municipio": "Sucre"},
			{"id": "425", "municipio": "Suárez"},
			{"id": "426", "municipio": "Timbiquí"},
			{"id": "427", "municipio": "Timbío"},
			{"id": "428", "municipio": "Toribío"},
			{"id": "429", "municipio": "Totoró"},
			{"id": "430", "municipio": "Villa Rica"}
		]
	},

	{
		"departamento":"Cesar",
		"municipios" : [
			{"id": "431", "municipio": "Aguachica"},
			{"id": "432", "municipio": "Agustín Codazzi"},
			{"id": "433", "municipio": "Astrea"},
			{"id": "434", "municipio": "Becerríl"},
			{"id": "435", "municipio": "Bosconia"},
			{"id": "436", "municipio": "Chimichagua"},
			{"id": "437", "municipio": "Chiriguaná"},
			{"id": "438", "municipio": "Curumaní"},
			{"id": "439", "municipio": "El Copey"},
			{"id": "440", "municipio": "El Paso"},
			{"id": "441", "municipio": "Gamarra"},
			{"id": "442", "municipio": "Gonzalez"},
			{"id": "443", "municipio": "La Gloria"},
			{"id": "444", "municipio": "La Jagua de Ibirico"},
			{"id": "445", "municipio": "La Paz (Robles)"},
			{"id": "446", "municipio": "Manaure Balcón del Cesar"},
			{"id": "447", "municipio": "Pailitas"},
			{"id": "448", "municipio": "Pelaya"},
			{"id": "449", "municipio": "Pueblo Bello"},
			{"id": "450", "municipio": "Río de oro"},
			{"id": "451", "municipio": "San Alberto"},
			{"id": "452", "municipio": "San Diego"},
			{"id": "453", "municipio": "San Martín"},
			{"id": "454", "municipio": "Tamalameque"},
			{"id": "455", "municipio": "Valledupar"}
		]
	},

	{
		"departamento":"Chocó",
		"municipios" : [
			{"id": "456", "municipio": "Acandí"},
			{"id": "457", "municipio": "Alto Baudó (Pie de Pato)"},
			{"id": "458", "municipio": "Atrato (Yuto)"},
			{"id": "459", "municipio": "Bagadó"},
			{"id": "460", "municipio": "Bahía Solano (Mútis)"},
			{"id": "461", "municipio": "Bajo Baudó (Pizarro)"},
			{"id": "462", "municipio": "Belén de Bajirá"},
			{"id": "463", "municipio": "Bojayá (Bellavista)"},
			{"id": "464", "municipio": "Cantón de San Pablo"},
			{"id": "465", "municipio": "Carmen del Darién (CURBARADÓ)"},
			{"id": "466", "municipio": "Condoto"},
			{"id": "467", "municipio": "Cértegui"},
			{"id": "468", "municipio": "El Carmen de Atrato"},
			{"id": "469", "municipio": "Istmina"},
			{"id": "470", "municipio": "Juradó"},
			{"id": "471", "municipio": "Lloró"},
			{"id": "472", "municipio": "Medio Atrato"},
			{"id": "473", "municipio": "Medio Baudó"},
			{"id": "474", "municipio": "Medio San Juan (ANDAGOYA)"},
			{"id": "475", "municipio": "Novita"},
			{"id": "476", "municipio": "Nuquí"},
			{"id": "477", "municipio": "Quibdó"},
			{"id": "478", "municipio": "Río Iró"},
			{"id": "479", "municipio": "Río Quito"},
			{"id": "480", "municipio": "Ríosucio"},
			{"id": "481", "municipio": "San José del Palmar"},
			{"id": "482", "municipio": "Santa Genoveva de Docorodó"},
			{"id": "483", "municipio": "Sipí"},
			{"id": "484", "municipio": "Tadó"},
			{"id": "485", "municipio": "Unguía"},
			{"id": "486", "municipio": "Unión Panamericana (ÁNIMAS)"}
		]
	},

	{
		"departamento":"Córdoba",
		"municipios" : [
			{"id": "487", "municipio": "Ayapel"},
			{"id": "488", "municipio": "Buenavista"},
			{"id": "489", "municipio": "Canalete"},
			{"id": "490", "municipio": "Cereté"},
			{"id": "491", "municipio": "Chimá"},
			{"id": "492", "municipio": "Chinú"},
			{"id": "493", "municipio": "Ciénaga de Oro"},
			{"id": "494", "municipio": "Cotorra"},
			{"id": "495", "municipio": "La Apartada y La Frontera"},
			{"id": "496", "municipio": "Lorica"},
			{"id": "497", "municipio": "Los Córdobas"},
			{"id": "498", "municipio": "Momil"},
			{"id": "499", "municipio": "Montelíbano"},
			{"id": "500", "municipio": "Monteria"},
			{"id": "501", "municipio": "Moñitos"},
			{"id": "502", "municipio": "Planeta Rica"},
			{"id": "503", "municipio": "Pueblo Nuevo"},
			{"id": "504", "municipio": "Puerto Escondido"},
			{"id": "505", "municipio": "Puerto Libertador"},
			{"id": "506", "municipio": "Purísima"},
			{"id": "507", "municipio": "Sahagún"},
			{"id": "508", "municipio": "San Andrés Sotavento"},
			{"id": "509", "municipio": "San Antero"},
			{"id": "510", "municipio": "San Bernardo del Viento"},
			{"id": "511", "municipio": "San Carlos"},
			{"id": "512", "municipio": "San José de Uré"},
			{"id": "513", "municipio": "San Pelayo"},
			{"id": "514", "municipio": "Tierralta"},
			{"id": "515", "municipio": "Tuchín"},
			{"id": "516", "municipio": "Valencia"}
		]
	},

	{
		"departamento":"Cundinamarca",
		"municipios" : [
			{"id": "517", "municipio": "Agua de Dios"},
			{"id": "518", "municipio": "Albán"},
			{"id": "519", "municipio": "Anapoima"},
			{"id": "520", "municipio": "Anolaima"},
			{"id": "521", "municipio": "Apulo"},
			{"id": "522", "municipio": "Arbeláez"},
			{"id": "523", "municipio": "Beltrán"},
			{"id": "524", "municipio": "Bituima"},
			{"id": "525", "municipio": "Bogotá D.C."},
			{"id": "526", "municipio": "Bojacá"},
			{"id": "527", "municipio": "Cabrera"},
			{"id": "528", "municipio": "Cachipay"},
			{"id": "529", "municipio": "Cajicá"},
			{"id": "530", "municipio": "Caparrapí"},
			{"id": "531", "municipio": "Carmen de Carupa"},
			{"id": "532", "municipio": "Chaguaní"},
			{"id": "533", "municipio": "Chipaque"},
			{"id": "534", "municipio": "Choachí"},
			{"id": "535", "municipio": "Chocontá"},
			{"id": "536", "municipio": "Chía"},
			{"id": "537", "municipio": "Cogua"},
			{"id": "538", "municipio": "Cota"},
			{"id": "539", "municipio": "Cucunubá"},
			{"id": "540", "municipio": "Cáqueza"},
			{"id": "541", "municipio": "El Colegio"},
			{"id": "542", "municipio": "El Peñón"},
			{"id": "543", "municipio": "El Rosal"},
			{"id": "544", "municipio": "Facatativá"},
			{"id": "545", "municipio": "Fosca"},
			{"id": "546", "municipio": "Funza"},
			{"id": "547", "municipio": "Fusagasugá"},
			{"id": "548", "municipio": "Fómeque"},
			{"id": "549", "municipio": "Fúquene"},
			{"id": "550", "municipio": "Gachalá"},
			{"id": "551", "municipio": "Gachancipá"},
			{"id": "552", "municipio": "Gachetá"},
			{"id": "553", "municipio": "Gama"},
			{"id": "554", "municipio": "Girardot"},
			{"id": "555", "municipio": "Granada"},
			{"id": "556", "municipio": "Guachetá"},
			{"id": "557", "municipio": "Guaduas"},
			{"id": "558", "municipio": "Guasca"},
			{"id": "559", "municipio": "Guataquí"},
			{"id": "560", "municipio": "Guatavita"},
			{"id": "561", "municipio": "Guayabal de Siquima"},
			{"id": "562", "municipio": "Guayabetal"},
			{"id": "563", "municipio": "Gutiérrez"},
			{"id": "564", "municipio": "Jerusalén"},
			{"id": "565", "municipio": "Junín"},
			{"id": "566", "municipio": "La Calera"},
			{"id": "567", "municipio": "La Mesa"},
			{"id": "568", "municipio": "La Palma"},
			{"id": "569", "municipio": "La Peña"},
			{"id": "570", "municipio": "La Vega"},
			{"id": "571", "municipio": "Lenguazaque"},
			{"id": "572", "municipio": "Machetá"},
			{"id": "573", "municipio": "Madrid"},
			{"id": "574", "municipio": "Manta"},
			{"id": "575", "municipio": "Medina"},
			{"id": "576", "municipio": "Mosquera"},
			{"id": "577", "municipio": "Nariño"},
			{"id": "578", "municipio": "Nemocón"},
			{"id": "579", "municipio": "Nilo"},
			{"id": "580", "municipio": "Nimaima"},
			{"id": "581", "municipio": "Nocaima"},
			{"id": "582", "municipio": "Pacho"},
			{"id": "583", "municipio": "Paime"},
			{"id": "584", "municipio": "Pandi"},
			{"id": "585", "municipio": "Paratebueno"},
			{"id": "586", "municipio": "Pasca"},
			{"id": "587", "municipio": "Puerto Salgar"},
			{"id": "588", "municipio": "Pulí"},
			{"id": "589", "municipio": "Quebradanegra"},
			{"id": "590", "municipio": "Quetame"},
			{"id": "591", "municipio": "Quipile"},
			{"id": "592", "municipio": "Ricaurte"},
			{"id": "593", "municipio": "San Antonio de Tequendama"},
			{"id": "594", "municipio": "San Bernardo"},
			{"id": "595", "municipio": "San Cayetano"},
			{"id": "596", "municipio": "San Francisco"},
			{"id": "597", "municipio": "San Juan de Río Seco"},
			{"id": "598", "municipio": "Sasaima"},
			{"id": "599", "municipio": "Sesquilé"},
			{"id": "600", "municipio": "Sibaté"},
			{"id": "601", "municipio": "Silvania"},
			{"id": "602", "municipio": "Simijaca"},
			{"id": "603", "municipio": "Soacha"},
			{"id": "604", "municipio": "Sopó"},
			{"id": "605", "municipio": "Subachoque"},
			{"id": "606", "municipio": "Suesca"},
			{"id": "607", "municipio": "Supatá"},
			{"id": "608", "municipio": "Susa"},
			{"id": "609", "municipio": "Sutatausa"},
			{"id": "610", "municipio": "Tabio"},
			{"id": "611", "municipio": "Tausa"},
			{"id": "612", "municipio": "Tena"},
			{"id": "613", "municipio": "Tenjo"},
			{"id": "614", "municipio": "Tibacuy"},
			{"id": "615", "municipio": "Tibirita"},
			{"id": "616", "municipio": "Tocaima"},
			{"id": "617", "municipio": "Tocancipá"},
			{"id": "618", "municipio": "Topaipí"},
			{"id": "619", "municipio": "Ubalá"},
			{"id": "620", "municipio": "Ubaque"},
			{"id": "621", "municipio": "Ubaté"},
			{"id": "622", "municipio": "Une"},
			{"id": "633", "municipio": "Útica"},
			{"id": "623", "municipio": "Venecia (Ospina Pérez)"},
			{"id": "624", "municipio": "Vergara"},
			{"id": "625", "municipio": "Viani"},
			{"id": "626", "municipio": "Villagómez"},
			{"id": "627", "municipio": "Villapinzón"},
			{"id": "628", "municipio": "Villeta"},
			{"id": "629", "municipio": "Viotá"},
			{"id": "630", "municipio": "Yacopí"},
			{"id": "631", "municipio": "Zipacón"},
			{"id": "632", "municipio": "Zipaquirá"}
		]
	},

	{
		"departamento":"Güainia",
		"municipios" : [
			{"id": "634", "municipio": "Inírida"}
		]
	},

	{
		"departamento":"Guaviare",
		"municipios" : [
			{"id": "635", "municipio": "Calamar"},
			{"id": "636", "municipio": "El Retorno"},
			{"id": "637", "municipio": "Miraflores"},
			{"id": "638", "municipio": "San José del Guaviare"}
		]
	},

	{
		"departamento":"Huila",
		"municipios" : [
			{"id": "639", "municipio": "Acevedo"},
			{"id": "640", "municipio": "Agrado"},
			{"id": "641", "municipio": "Aipe"},
			{"id": "642", "municipio": "Algeciras"},
			{"id": "643", "municipio": "Altamira"},
			{"id": "644", "municipio": "Baraya"},
			{"id": "645", "municipio": "Campoalegre"},
			{"id": "646", "municipio": "Colombia"},
			{"id": "647", "municipio": "Elías"},
			{"id": "648", "municipio": "Garzón"},
			{"id": "649", "municipio": "Gigante"},
			{"id": "650", "municipio": "Guadalupe"},
			{"id": "651", "municipio": "Hobo"},
			{"id": "652", "municipio": "Isnos"},
			{"id": "653", "municipio": "La Argentina"},
			{"id": "654", "municipio": "La Plata"},
			{"id": "655", "municipio": "Neiva"},
			{"id": "656", "municipio": "Nátaga"},
			{"id": "657", "municipio": "Oporapa"},
			{"id": "658", "municipio": "Paicol"},
			{"id": "659", "municipio": "Palermo"},
			{"id": "660", "municipio": "Palestina"},
			{"id": "661", "municipio": "Pital"},
			{"id": "662", "municipio": "Pitalito"},
			{"id": "663", "municipio": "Rivera"},
			{"id": "664", "municipio": "Saladoblanco"},
			{"id": "665", "municipio": "San Agustín"},
			{"id": "666", "municipio": "Santa María"},
			{"id": "667", "municipio": "Suaza"},
			{"id": "668", "municipio": "Tarqui"},
			{"id": "669", "municipio": "Tello"},
			{"id": "670", "municipio": "Teruel"},
			{"id": "671", "municipio": "Tesalia"},
			{"id": "672", "municipio": "Timaná"},
			{"id": "673", "municipio": "Villavieja"},
			{"id": "674", "municipio": "Yaguará"},
			{"id": "675", "municipio": "Íquira"}
		]
	},

	{
		"departamento":"La Guajira",
		"municipios" : [
			{"id": "676", "municipio": "Albania"},
			{"id": "677", "municipio": "Barrancas"},
			{"id": "678", "municipio": "Dibulla"},
			{"id": "679", "municipio": "Distracción"},
			{"id": "680", "municipio": "El Molino"},
			{"id": "681", "municipio": "Fonseca"},
			{"id": "682", "municipio": "Hatonuevo"},
			{"id": "683", "municipio": "La Jagua del Pilar"},
			{"id": "684", "municipio": "Maicao"},
			{"id": "685", "municipio": "Manaure"},
			{"id": "686", "municipio": "Riohacha"},
			{"id": "687", "municipio": "San Juan del Cesar"},
			{"id": "688", "municipio": "Uribia"},
			{"id": "689", "municipio": "Urumita"},
			{"id": "690", "municipio": "Villanueva"}
		]
	},

	{
		"departamento":"Magdalena",
		"municipios" : [
			{"id": "691", "municipio": "Algarrobo"},
			{"id": "692", "municipio": "Aracataca"},
			{"id": "693", "municipio": "Ariguaní (El Difícil)"},
			{"id": "694", "municipio": "Cerro San Antonio"},
			{"id": "695", "municipio": "Chivolo"},
			{"id": "696", "municipio": "Ciénaga"},
			{"id": "697", "municipio": "Concordia"},
			{"id": "698", "municipio": "El Banco"},
			{"id": "699", "municipio": "El Piñon"},
			{"id": "700", "municipio": "El Retén"},
			{"id": "701", "municipio": "Fundación"},
			{"id": "702", "municipio": "Guamal"},
			{"id": "703", "municipio": "Nueva Granada"},
			{"id": "704", "municipio": "Pedraza"},
			{"id": "705", "municipio": "Pijiño"},
			{"id": "706", "municipio": "Pivijay"},
			{"id": "707", "municipio": "Plato"},
			{"id": "708", "municipio": "Puebloviejo"},
			{"id": "709", "municipio": "Remolino"},
			{"id": "710", "municipio": "Sabanas de San Angel (SAN ANGEL)"},
			{"id": "711", "municipio": "Salamina"},
			{"id": "712", "municipio": "San Sebastián de Buenavista"},
			{"id": "713", "municipio": "San Zenón"},
			{"id": "714", "municipio": "Santa Ana"},
			{"id": "715", "municipio": "Santa Bárbara de Pinto"},
			{"id": "716", "municipio": "Santa Marta"},
			{"id": "717", "municipio": "Sitionuevo"},
			{"id": "718", "municipio": "Tenerife"},
			{"id": "719", "municipio": "Zapayán (PUNTA DE PIEDRAS)"},
			{"id": "720", "municipio": "Zona Bananera (PRADO - SEVILLA)"}
		]
	},

	{
		"departamento":"Meta",
		"municipios" : [
			{"id": "721", "municipio": "Acacías"},
			{"id": "722", "municipio": "Barranca de Upía"},
			{"id": "723", "municipio": "Cabuyaro"},
			{"id": "724", "municipio": "Castilla la Nueva"},
			{"id": "725", "municipio": "Cubarral"},
			{"id": "726", "municipio": "Cumaral"},
			{"id": "727", "municipio": "El Calvario"},
			{"id": "728", "municipio": "El Castillo"},
			{"id": "729", "municipio": "El Dorado"},
			{"id": "730", "municipio": "Fuente de Oro"},
			{"id": "731", "municipio": "Granada"},
			{"id": "732", "municipio": "Guamal"},
			{"id": "733", "municipio": "La Macarena"},
			{"id": "734", "municipio": "Lejanías"},
			{"id": "735", "municipio": "Mapiripan"},
			{"id": "736", "municipio": "Mesetas"},
			{"id": "737", "municipio": "Puerto Concordia"},
			{"id": "738", "municipio": "Puerto Gaitán"},
			{"id": "739", "municipio": "Puerto Lleras"},
			{"id": "740", "municipio": "Puerto López"},
			{"id": "741", "municipio": "Puerto Rico"},
			{"id": "742", "municipio": "Restrepo"},
			{"id": "743", "municipio": "San Carlos de Guaroa"},
			{"id": "744", "municipio": "San Juan de Arama"},
			{"id": "745", "municipio": "San Juanito"},
			{"id": "746", "municipio": "San Martín"},
			{"id": "747", "municipio": "Uribe"},
			{"id": "748", "municipio": "Villavicencio"},
			{"id": "749", "municipio": "Vista Hermosa"}
		]
	},

	{
		"departamento":"Nariño",
		"municipios" : [
			{"id": "750", "municipio": "Albán (San José)"},
			{"id": "751", "municipio": "Aldana"},
			{"id": "752", "municipio": "Ancuya"},
			{"id": "753", "municipio": "Arboleda (Berruecos)"},
			{"id": "754", "municipio": "Barbacoas"},
			{"id": "755", "municipio": "Belén"},
			{"id": "756", "municipio": "Buesaco"},
			{"id": "757", "municipio": "Chachaguí"},
			{"id": "758", "municipio": "Colón (Génova)"},
			{"id": "759", "municipio": "Consaca"},
			{"id": "760", "municipio": "Contadero"},
			{"id": "761", "municipio": "Cuaspud (Carlosama)"},
			{"id": "762", "municipio": "Cumbal"},
			{"id": "763", "municipio": "Cumbitara"},
			{"id": "764", "municipio": "Córdoba"},
			{"id": "765", "municipio": "El Charco"},
			{"id": "766", "municipio": "El Peñol"},
			{"id": "767", "municipio": "El Rosario"},
			{"id": "768", "municipio": "El Tablón de Gómez"},
			{"id": "769", "municipio": "El Tambo"},
			{"id": "770", "municipio": "Francisco Pizarro"},
			{"id": "771", "municipio": "Funes"},
			{"id": "772", "municipio": "Guachavés"},
			{"id": "773", "municipio": "Guachucal"},
			{"id": "774", "municipio": "Guaitarilla"},
			{"id": "775", "municipio": "Gualmatán"},
			{"id": "776", "municipio": "Iles"},
			{"id": "777", "municipio": "Imúes"},
			{"id": "778", "municipio": "Ipiales"},
			{"id": "779", "municipio": "La Cruz"},
			{"id": "780", "municipio": "La Florida"},
			{"id": "781", "municipio": "La Llanada"},
			{"id": "782", "municipio": "La Tola"},
			{"id": "783", "municipio": "La Unión"},
			{"id": "784", "municipio": "Leiva"},
			{"id": "785", "municipio": "Linares"},
			{"id": "786", "municipio": "Magüi (Payán)"},
			{"id": "787", "municipio": "Mallama (Piedrancha)"},
			{"id": "788", "municipio": "Mosquera"},
			{"id": "789", "municipio": "Nariño"},
			{"id": "790", "municipio": "Olaya Herrera"},
			{"id": "791", "municipio": "Ospina"},
			{"id": "792", "municipio": "Policarpa"},
			{"id": "793", "municipio": "Potosí"},
			{"id": "794", "municipio": "Providencia"},
			{"id": "795", "municipio": "Puerres"},
			{"id": "796", "municipio": "Pupiales"},
			{"id": "797", "municipio": "Ricaurte"},
			{"id": "798", "municipio": "Roberto Payán (San José)"},
			{"id": "799", "municipio": "Samaniego"},
			{"id": "800", "municipio": "San Bernardo"},
			{"id": "801", "municipio": "San Juan de Pasto"},
			{"id": "802", "municipio": "San Lorenzo"},
			{"id": "803", "municipio": "San Pablo"},
			{"id": "804", "municipio": "San Pedro de Cartago"},
			{"id": "805", "municipio": "Sandoná"},
			{"id": "806", "municipio": "Santa Bárbara (Iscuandé)"},
			{"id": "807", "municipio": "Sapuyes"},
			{"id": "808", "municipio": "Sotomayor (Los Andes)"},
			{"id": "809", "municipio": "Taminango"},
			{"id": "810", "municipio": "Tangua"},
			{"id": "811", "municipio": "Tumaco"},
			{"id": "812", "municipio": "Túquerres"},
			{"id": "813", "municipio": "Yacuanquer"}
		]
	},

	{
		"departamento":"Norte de Santander",
		"municipios" : [
			{"id": "853", "municipio": "Ábrego"},
			{"id": "814", "municipio": "Arboledas"},
			{"id": "815", "municipio": "Bochalema"},
			{"id": "816", "municipio": "Bucarasica"},
			{"id": "817", "municipio": "Chinácota"},
			{"id": "818", "municipio": "Chitagá"},
			{"id": "819", "municipio": "Convención"},
			{"id": "820", "municipio": "Cucutilla"},
			{"id": "821", "municipio": "Cáchira"},
			{"id": "822", "municipio": "Cácota"},
			{"id": "823", "municipio": "Cúcuta"},
			{"id": "824", "municipio": "Durania"},
			{"id": "825", "municipio": "El Carmen"},
			{"id": "826", "municipio": "El Tarra"},
			{"id": "827", "municipio": "El Zulia"},
			{"id": "828", "municipio": "Gramalote"},
			{"id": "829", "municipio": "Hacarí"},
			{"id": "830", "municipio": "Herrán"},
			{"id": "831", "municipio": "La Esperanza"},
			{"id": "832", "municipio": "La Playa"},
			{"id": "833", "municipio": "Labateca"},
			{"id": "834", "municipio": "Los Patios"},
			{"id": "835", "municipio": "Lourdes"},
			{"id": "836", "municipio": "Mutiscua"},
			{"id": "837", "municipio": "Ocaña"},
			{"id": "838", "municipio": "Pamplona"},
			{"id": "839", "municipio": "Pamplonita"},
			{"id": "840", "municipio": "Puerto Santander"},
			{"id": "841", "municipio": "Ragonvalia"},
			{"id": "842", "municipio": "Salazar"},
			{"id": "843", "municipio": "San Calixto"},
			{"id": "844", "municipio": "San Cayetano"},
			{"id": "845", "municipio": "Santiago"},
			{"id": "846", "municipio": "Sardinata"},
			{"id": "847", "municipio": "Silos"},
			{"id": "848", "municipio": "Teorama"},
			{"id": "849", "municipio": "Tibú"},
			{"id": "850", "municipio": "Toledo"},
			{"id": "851", "municipio": "Villa Caro"}
		]
	},

	{
		"departamento":"Putumayo",
		"municipios" : [
			{"id": "854", "municipio": "Colón"},
			{"id": "855", "municipio": "Mocoa"},
			{"id": "856", "municipio": "Orito"},
			{"id": "857", "municipio": "Puerto Asís"},
			{"id": "858", "municipio": "Puerto Caicedo"},
			{"id": "859", "municipio": "Puerto Guzmán"},
			{"id": "860", "municipio": "Puerto Leguízamo"},
			{"id": "861", "municipio": "San Francisco"},
			{"id": "862", "municipio": "San Miguel"},
			{"id": "863", "municipio": "Santiago"},
			{"id": "864", "municipio": "Sibundoy"},
			{"id": "865", "municipio": "Valle del Guamuez"},
			{"id": "866", "municipio": "Villagarzón"}
		]
	},

	{
		"departamento":"Quindo",
		"municipios" : [
			{"id": "867", "municipio": "Armenia"},
			{"id": "868", "municipio": "Buenavista"},
			{"id": "869", "municipio": "Calarcá"},
			{"id": "870", "municipio": "Circasia"},
			{"id": "871", "municipio": "Cordobá"},
			{"id": "872", "municipio": "Filandia"},
			{"id": "873", "municipio": "Génova"},
			{"id": "874", "municipio": "La Tebaida"},
			{"id": "875", "municipio": "Montenegro"},
			{"id": "876", "municipio": "Pijao"},
			{"id": "877", "municipio": "Quimbaya"},
			{"id": "878", "municipio": "Salento"}
		]
	},

	{
		"departamento":"Risaralda",
		"municipios" : [
			{"id": "879", "municipio": "Apía"},
			{"id": "880", "municipio": "Balboa"},
			{"id": "881", "municipio": "Belén de Umbría"},
			{"id": "882", "municipio": "Dos Quebradas"},
			{"id": "883", "municipio": "Guática"},
			{"id": "884", "municipio": "La Celia"},
			{"id": "885", "municipio": "La Virginia"},
			{"id": "886", "municipio": "Marsella"},
			{"id": "887", "municipio": "Mistrató"},
			{"id": "888", "municipio": "Pereira"},
			{"id": "889", "municipio": "Pueblo Rico"},
			{"id": "890", "municipio": "Quinchía"},
			{"id": "891", "municipio": "Santa Rosa de Cabal"},
			{"id": "892", "municipio": "Santuario"}
		]
	},

	{
		"departamento":"San Andrés y Providencia",
		"municipios" : [
			{"id": "893", "municipio": "Providencia"}
		]
	},

	{
		"departamento":"Santander",
		"municipios" : [
			{"id": "894", "municipio": "Aguada"},
			{"id": "895", "municipio": "Albania"},
			{"id": "896", "municipio": "Aratoca"},
			{"id": "897", "municipio": "Barbosa"},
			{"id": "898", "municipio": "Barichara"},
			{"id": "899", "municipio": "Barrancabermeja"},
			{"id": "900", "municipio": "Betulia"},
			{"id": "901", "municipio": "Bolívar"},
			{"id": "902", "municipio": "Bucaramanga"},
			{"id": "903", "municipio": "Cabrera"},
			{"id": "904", "municipio": "California"},
			{"id": "905", "municipio": "Capitanejo"},
			{"id": "906", "municipio": "Carcasí"},
			{"id": "907", "municipio": "Cepita"},
			{"id": "908", "municipio": "Cerrito"},
			{"id": "909", "municipio": "Charalá"},
			{"id": "910", "municipio": "Charta"},
			{"id": "911", "municipio": "Chima"},
			{"id": "912", "municipio": "Chipatá"},
			{"id": "913", "municipio": "Cimitarra"},
			{"id": "914", "municipio": "Concepción"},
			{"id": "915", "municipio": "Confines"},
			{"id": "916", "municipio": "Contratación"},
			{"id": "917", "municipio": "Coromoro"},
			{"id": "918", "municipio": "Curití"},
			{"id": "919", "municipio": "El Carmen"},
			{"id": "920", "municipio": "El Guacamayo"},
			{"id": "921", "municipio": "El Peñon"},
			{"id": "922", "municipio": "El Playón"},
			{"id": "923", "municipio": "Encino"},
			{"id": "924", "municipio": "Enciso"},
			{"id": "925", "municipio": "Floridablanca"},
			{"id": "926", "municipio": "Florián"},
			{"id": "927", "municipio": "Galán"},
			{"id": "928", "municipio": "Girón"},
			{"id": "929", "municipio": "Guaca"},
			{"id": "930", "municipio": "Guadalupe"},
			{"id": "931", "municipio": "Guapota"},
			{"id": "932", "municipio": "Guavatá"},
			{"id": "933", "municipio": "Guepsa"},
			{"id": "934", "municipio": "Gámbita"},
			{"id": "935", "municipio": "Hato"},
			{"id": "936", "municipio": "Jesús María"},
			{"id": "937", "municipio": "Jordán"},
			{"id": "938", "municipio": "La Belleza"},
			{"id": "939", "municipio": "La Paz"},
			{"id": "940", "municipio": "Landázuri"},
			{"id": "941", "municipio": "Lebrija"},
			{"id": "942", "municipio": "Los Santos"},
			{"id": "943", "municipio": "Macaravita"},
			{"id": "944", "municipio": "Matanza"},
			{"id": "945", "municipio": "Mogotes"},
			{"id": "946", "municipio": "Molagavita"},
			{"id": "947", "municipio": "Málaga"},
			{"id": "948", "municipio": "Ocamonte"},
			{"id": "949", "municipio": "Oiba"},
			{"id": "950", "municipio": "Onzaga"},
			{"id": "951", "municipio": "Palmar"},
			{"id": "952", "municipio": "Palmas del Socorro"},
			{"id": "953", "municipio": "Pie de Cuesta"},
			{"id": "954", "municipio": "Pinchote"},
			{"id": "955", "municipio": "Puente Nacional"},
			{"id": "956", "municipio": "Puerto Parra"},
			{"id": "957", "municipio": "Puerto Wilches"},
			{"id": "958", "municipio": "Páramo"},
			{"id": "959", "municipio": "Rio Negro"},
			{"id": "960", "municipio": "Sabana de Torres"},
			{"id": "961", "municipio": "San Andrés"},
			{"id": "962", "municipio": "San Benito"},
			{"id": "963", "municipio": "San Gíl"},
			{"id": "964", "municipio": "San Joaquín"},
			{"id": "965", "municipio": "San José de Miranda"},
			{"id": "966", "municipio": "San Miguel"},
			{"id": "967", "municipio": "San Vicente del Chucurí"},
			{"id": "968", "municipio": "Santa Bárbara"},
			{"id": "969", "municipio": "Santa Helena del Opón"},
			{"id": "970", "municipio": "Simacota"},
			{"id": "971", "municipio": "Socorro"},
			{"id": "972", "municipio": "Suaita"},
			{"id": "973", "municipio": "Sucre"},
			{"id": "974", "municipio": "Suratá"},
			{"id": "975", "municipio": "Tona"},
			{"id": "976", "municipio": "Valle de San José"},
			{"id": "977", "municipio": "Vetas"},
			{"id": "978", "municipio": "Villanueva"},
			{"id": "979", "municipio": "Vélez"},
			{"id": "980", "municipio": "Zapatoca"}
		]
	},

	{
		"departamento":"Sucre",
		"municipios" : [
			{"id": "981", "municipio": "Buenavista"},
			{"id": "982", "municipio": "Caimito"},
			{"id": "983", "municipio": "Chalán"},
			{"id": "984", "municipio": "Colosó (Ricaurte)"},
			{"id": "985", "municipio": "Corozal"},
			{"id": "986", "municipio": "Coveñas"},
			{"id": "987", "municipio": "El Roble"},
			{"id": "988", "municipio": "Galeras (Nueva Granada)"},
			{"id": "989", "municipio": "Guaranda"},
			{"id": "990", "municipio": "La Unión"},
			{"id": "991", "municipio": "Los Palmitos"},
			{"id": "992", "municipio": "Majagual"},
			{"id": "993", "municipio": "Morroa"},
			{"id": "994", "municipio": "Ovejas"},
			{"id": "995", "municipio": "Palmito"},
			{"id": "996", "municipio": "Sampués"},
			{"id": "997", "municipio": "San Benito Abad"},
			{"id": "998", "municipio": "San Juan de Betulia"},
			{"id": "999", "municipio": "San Marcos"},
			{"id": "1000", "municipio": "San Onofre"},
			{"id": "1001", "municipio": "San Pedro"},
			{"id": "1002", "municipio": "Sincelejo"},
			{"id": "1003", "municipio": "Sincé"},
			{"id": "1004", "municipio": "Sucre"},
			{"id": "1005", "municipio": "Tolú"},
			{"id": "1006", "municipio": "Tolú Viejo"}
		]
	},

	{
		"departamento":"Tolima",
		"municipios" : [
			{"id": "1007", "municipio": "Alpujarra"},
			{"id": "1008", "municipio": "Alvarado"},
			{"id": "1009", "municipio": "Ambalema"},
			{"id": "1010", "municipio": "Anzoátegui"},
			{"id": "1011", "municipio": "Armero (Guayabal)"},
			{"id": "1012", "municipio": "Ataco"},
			{"id": "1013", "municipio": "Cajamarca"},
			{"id": "1014", "municipio": "Carmen de Apicalá"},
			{"id": "1015", "municipio": "Casabianca"},
			{"id": "1016", "municipio": "Chaparral"},
			{"id": "1017", "municipio": "Coello"},
			{"id": "1018", "municipio": "Coyaima"},
			{"id": "1019", "municipio": "Cunday"},
			{"id": "1020", "municipio": "Dolores"},
			{"id": "1021", "municipio": "Espinal"},
			{"id": "1022", "municipio": "Falan"},
			{"id": "1023", "municipio": "Flandes"},
			{"id": "1024", "municipio": "Fresno"},
			{"id": "1025", "municipio": "Guamo"},
			{"id": "1026", "municipio": "Herveo"},
			{"id": "1027", "municipio": "Honda"},
			{"id": "1028", "municipio": "Ibagué"},
			{"id": "1029", "municipio": "Icononzo"},
			{"id": "1030", "municipio": "Lérida"},
			{"id": "1031", "municipio": "Líbano"},
			{"id": "1032", "municipio": "Mariquita"},
			{"id": "1033", "municipio": "Melgar"},
			{"id": "1034", "municipio": "Murillo"},
			{"id": "1035", "municipio": "Natagaima"},
			{"id": "1036", "municipio": "Ortega"},
			{"id": "1037", "municipio": "Palocabildo"},
			{"id": "1038", "municipio": "Piedras"},
			{"id": "1039", "municipio": "Planadas"},
			{"id": "1040", "municipio": "Prado"},
			{"id": "1041", "municipio": "Purificación"},
			{"id": "1042", "municipio": "Rioblanco"},
			{"id": "1043", "municipio": "Roncesvalles"},
			{"id": "1044", "municipio": "Rovira"},
			{"id": "1045", "municipio": "Saldaña"},
			{"id": "1046", "municipio": "San Antonio"},
			{"id": "1047", "municipio": "San Luis"},
			{"id": "1048", "municipio": "Santa Isabel"},
			{"id": "1049", "municipio": "Suárez"},
			{"id": "1050", "municipio": "Valle de San Juan"},
			{"id": "1051", "municipio": "Venadillo"},
			{"id": "1052", "municipio": "Villahermosa"},
			{"id": "1053", "municipio": "Villarrica"}
		]
	},

	{
		"departamento":"Valle del Cauca",
		"municipios" : [
			{"id": "1054", "municipio": "Alcalá"},
			{"id": "1055", "municipio": "Andalucía"},
			{"id": "1056", "municipio": "Ansermanuevo"},
			{"id": "1057", "municipio": "Argelia"},
			{"id": "1058", "municipio": "Bolívar"},
			{"id": "1059", "municipio": "Buenaventura"},
			{"id": "1060", "municipio": "Buga"},
			{"id": "1061", "municipio": "Bugalagrande"},
			{"id": "1062", "municipio": "Caicedonia"},
			{"id": "1063", "municipio": "Calima (Darién)"},
			{"id": "1064", "municipio": "Calí"},
			{"id": "1065", "municipio": "Candelaria"},
			{"id": "1066", "municipio": "Cartago"},
			{"id": "1067", "municipio": "Dagua"},
			{"id": "1068", "municipio": "El Cairo"},
			{"id": "1069", "municipio": "El Cerrito"},
			{"id": "1070", "municipio": "El Dovio"},
			{"id": "1071", "municipio": "El Águila"},
			{"id": "1072", "municipio": "Florida"},
			{"id": "1073", "municipio": "Ginebra"},
			{"id": "1074", "municipio": "Guacarí"},
			{"id": "1075", "municipio": "Jamundí"},
			{"id": "1076", "municipio": "La Cumbre"},
			{"id": "1077", "municipio": "La Unión"},
			{"id": "1078", "municipio": "La Victoria"},
			{"id": "1079", "municipio": "Obando"},
			{"id": "1080", "municipio": "Palmira"},
			{"id": "1081", "municipio": "Pradera"},
			{"id": "1082", "municipio": "Restrepo"},
			{"id": "1083", "municipio": "Riofrío"},
			{"id": "1084", "municipio": "Roldanillo"},
			{"id": "1085", "municipio": "San Pedro"},
			{"id": "1086", "municipio": "Sevilla"},
			{"id": "1087", "municipio": "Toro"},
			{"id": "1088", "municipio": "Trujillo"},
			{"id": "1089", "municipio": "Tulúa"},
			{"id": "1090", "municipio": "Ulloa"},
			{"id": "1091", "municipio": "Versalles"},
			{"id": "1092", "municipio": "Vijes"},
			{"id": "1093", "municipio": "Yotoco"},
			{"id": "1094", "municipio": "Yumbo"},
			{"id": "1095", "municipio": "Zarzal"}
		]
	},

	{
		"departamento":"Vaupés",
		"municipios" : [
			{"id": "1096", "municipio": "Carurú"},
			{"id": "1097", "municipio": "Mitú"},
			{"id": "1098", "municipio": "Taraira"}
		]
	},

	{
		"departamento":"Vichada",
		"municipios" : [
			{"id": "1099", "municipio": "Cumaribo"},
			{"id": "1100", "municipio": "La Primavera"},
			{"id": "1101", "municipio": "Puerto Carreño"},
			{"id": "1102", "municipio": "Santa Rosalía"}
		]
	}
]